[
  {
    "value": "chocolate",
    "synonyms": [
      "chocolate",
      "mocha"
    ]
  },
  {
    "value": "vanilla",
    "synonyms": [
      "vanilla"
    ]
  },
  {
    "value": "strawberry",
    "synonyms": [
      "strawberry"
    ]
  },
  {
    "value": "caramel",
    "synonyms": [
      "caramel"
    ]
  },
  {
    "value": "blueberry",
    "synonyms": [
      "blueberry"
    ]
  },
  {
    "value": "rasberry",
    "synonyms": [
      "rasberry"
    ]
  },
  {
    "value": "peppermint",
    "synonyms": [
      "peppermint"
    ]
  }
]