[
  {
    "id": "5324237c-5d58-4628-9d63-02fb6bff0970",
    "data": [
      {
        "text": "i\u0027d like to order a ",
        "userDefined": false
      },
      {
        "text": "rasberry",
        "meta": "@flavor",
        "alias": "flavor",
        "userDefined": true
      },
      {
        "text": " ",
        "userDefined": false
      },
      {
        "text": "smoothie",
        "meta": "@drinks",
        "alias": "drinks",
        "userDefined": false
      },
      {
        "text": " please",
        "userDefined": false
      }
    ],
    "isTemplate": false,
    "count": 0,
    "lang": "en",
    "updated": 0
  },
  {
    "id": "072f85c1-0591-4358-b817-a838346950d8",
    "data": [
      {
        "text": "Two",
        "meta": "@sys.ignore",
        "userDefined": false
      },
      {
        "text": " ",
        "userDefined": false
      },
      {
        "text": "large",
        "meta": "@size",
        "alias": "size",
        "userDefined": false
      },
      {
        "text": " ",
        "userDefined": false
      },
      {
        "text": "soy milk",
        "meta": "@milk_type",
        "alias": "milk_type",
        "userDefined": false
      },
      {
        "text": " ",
        "userDefined": false
      },
      {
        "text": "chocolate",
        "meta": "@flavor",
        "alias": "flavor",
        "userDefined": false
      },
      {
        "text": " ",
        "userDefined": false
      },
      {
        "text": "milkshakes",
        "meta": "@drinks",
        "alias": "drinks",
        "userDefined": false
      }
    ],
    "isTemplate": false,
    "count": 0,
    "lang": "en",
    "updated": 0
  },
  {
    "id": "5e5e9970-ab6e-4d53-8a70-0c274bf1be7e",
    "data": [
      {
        "text": "one ",
        "userDefined": false
      },
      {
        "text": "chocolate",
        "meta": "@flavor",
        "alias": "flavor",
        "userDefined": false
      },
      {
        "text": " ",
        "userDefined": false
      },
      {
        "text": "smoothie",
        "meta": "@drinks",
        "alias": "drinks",
        "userDefined": false
      },
      {
        "text": " please",
        "userDefined": false
      }
    ],
    "isTemplate": false,
    "count": 0,
    "lang": "en",
    "updated": 0
  },
  {
    "id": "85150b59-147a-4d2e-b91a-06a0454cc796",
    "data": [
      {
        "text": "I want one ",
        "userDefined": false
      },
      {
        "text": "vanilla",
        "meta": "@flavor",
        "alias": "flavor",
        "userDefined": false
      },
      {
        "text": " ",
        "userDefined": false
      },
      {
        "text": "milkshake",
        "meta": "@drinks",
        "alias": "drinks",
        "userDefined": false
      },
      {
        "text": " with ",
        "userDefined": false
      },
      {
        "text": "2%",
        "meta": "@milk_type",
        "alias": "milk_type",
        "userDefined": false
      },
      {
        "text": " milk",
        "userDefined": false
      }
    ],
    "isTemplate": false,
    "count": 0,
    "lang": "en",
    "updated": 0
  },
  {
    "id": "72182314-69fb-483c-ae70-db8f61a5ab46",
    "data": [
      {
        "text": "i want a ",
        "userDefined": false
      },
      {
        "text": "small",
        "meta": "@size",
        "alias": "size",
        "userDefined": false
      },
      {
        "text": " ",
        "userDefined": false
      },
      {
        "text": "strawberry",
        "meta": "@flavor",
        "alias": "flavor",
        "userDefined": false
      },
      {
        "text": " ",
        "userDefined": false
      },
      {
        "text": "smoothie",
        "meta": "@drinks",
        "alias": "drinks",
        "userDefined": false
      }
    ],
    "isTemplate": false,
    "count": 0,
    "lang": "en",
    "updated": 0
  },
  {
    "id": "a95d9f90-7b14-4577-b024-d475be19450e",
    "data": [
      {
        "text": "I would like a ",
        "userDefined": false
      },
      {
        "text": "mocha",
        "meta": "@flavor",
        "alias": "flavor",
        "userDefined": false
      },
      {
        "text": " ",
        "userDefined": false
      },
      {
        "text": "smoothie",
        "meta": "@drinks",
        "alias": "drinks",
        "userDefined": false
      }
    ],
    "isTemplate": false,
    "count": 0,
    "lang": "en",
    "updated": 0
  }
]